"Keyword","Intent","Volume","KD %","CPC","Competition","Results"
"hearts svg","I","5,400","26","1.34","1.00","113M"
"floral svg","I","3,600","29","0.93","1.00","223"
"hello kitty svg","C","3,600","25","0.33","0.80","197"
"bow svg","I","2,900","22","1.46","1.00","132"
"cross svg","I","2,900","17","0.65","1.00","723M"
"football svg","I","2,900","19","0.49","1.00","130"
"jpeg to svg converter","I","2,900","28","0.67","0.18","105"
"save svg as png","I","2,900","24","1.12","0.08","112"
"stitch svg","I","2,900","25","0.26","1.00","124"
"american robin .svg","I","2,400","24","0.00","0.00","11.5K"
"arrow svg","I","2,400","23","1.34","0.52","124"
"butterfly svg","I","2,400","17","0.53","1.00","124"
"eps to svg","I","2,400","29","2.21","0.02","118"
"flowers svg","I","2,400","29","0.93","1.00","105M"
"grinch svg","I","2,400","28","0.27","1.00","4.9M"
"nyc map outline svg","I","2,400","23","0.00","0.00","133"
"american flag svg","I","1,900","22","1.08","1.00","144"
"baseball svg","I","1,900","19","0.76","1.00","132M"
"bluey svg","I","1,900","25","0.20","1.00","3.5M"
"christmas svg","I","1,900","19","0.35","1.00","151"
"snowflake svg","I","1,900","22","1.08","1.00","123"
"spiderman svg","I","1,900","25","0.37","1.00","13.8M"
"svg to stl","I","1,900","23","1.60","0.02","177M"
"va counties svg map","I","1,900","18","0.00","0.00","n/a"
"basketball svg","I","1,600","25","0.40","1.00","n/a"
"christmas tree svg","I","1,600","24","1.00","1.00","125M"
"florida map with outline svg","I","1,600","20","0.00","0.00","n/a"
"labubu svg","I","1,600","27","0.21","1.00","2.3M"
"mickey mouse svg","I","1,600","15","0.24","1.00","4.8M"
"skull svg","I","1,600","15","0.94","1.00","26.6M"
"spider man svg","I","1,600","24","0.37","1.00","32.8M"
"sunflower svg","I","1,600","26","0.66","1.00","10.3M"
"svg butterfly","I","1,600","15","0.53","1.00","27.7M"
"webp to svg","I","1,600","25","1.38","0.02","818M"
"cat svg","I","1,300","22","0.41","1.00","127"
"cheer svg","I","1,300","20","0.78","1.00","10.8M"
"f-caw-f svg","I","1,300","20","0.00","0.00","215K"
"fish svg","I","1,300","28","0.79","1.00","188M"
"fishing svg","I","1,300","25","0.89","1.00","165M"
"google photos logo svg","I","1,300","24","0.00","0.00","158M"
"graduation cap svg","I","1,300","24","1.22","1.00","26.1M"
"happy birthday svg","I","1,300","17","0.00","1.00","40.7M"
"harry potter svg","I","1,300","22","0.46","1.00","32.1M"
"minecraft svg","I","1,300","28","0.00","0.98","32.7M"
"nike svg","I","1,300","27","0.00","0.36","35.4M"
"paw print svg","I","1,300","16","2.34","1.00","4.3M"
"pokemon svg","I","1,300","25","0.22","1.00","46.2M"
"rose svg","I","1,300","25","1.09","1.00","268M"
"softball svg","I","1,300","22","0.55","1.00","10.5M"
"svg flowers","I","1,300","29","0.93","1.00","154"
"svg heart","I","1,300","28","1.21","1.00","526M"
"svg omg","I","1,300","26","1.55","0.00","122K"
"angel wings svg","I","1,000","26","1.93","1.00","5.6M"
"banner svg","I","1,000","15","2.02","0.98","836M"
"bat svg","I","1,000","17","0.00","1.00","120M"
"bee svg","I","1,000","17","0.74","1.00","46.8M"
"book svg","I","1,000","25","0.57","1.00","804M"
"can you export svg from krita","I","1,000","22","0.00","0.00","38.3K"
"daisy svg","I","1,000","22","0.97","1.00","21.5M"
"dallas cowboys svg","I","1,000","26","0.53","1.00","2.2M"
"dodgers d svg","I","1,000","24","0.00","0.00","121"
"dragon svg","I","1,000","29","0.85","1.00","174M"
"freecad import working with svg fonts","I","1,000","20","0.00","0.00","95"
"harley davidson svg","I","1,000","24","0.00","1.00","2.8M"
"http://www.w3.org/2000/svg","I","1,000","20","0.00","0.00","41.4M"
"kpop demon hunters svg","I","1,000","23","0.25","1.00","1.6M"
"nice radio svg","I","1,000","15","0.00","0.02","33.1M"
"palm tree svg","I","1,000","26","2.41","1.00","43.4M"
"saja boys svg","I","1,000","24","0.00","0.00","573K"
"spidey svg","I","1,000","24","0.93","1.00","716K"
"star wars svg","I","1,000","24","0.52","0.78","79.9M"
"sun svg","I","1,000","22","1.24","0.99","650M"
"svg circle","I","1,000","24","0.00","0.53","708M"
"tony chopper svg","I","1,000","22","0.00","0.00","85"
"tree svg","I","1,000","27","0.69","1.00","128"
"ucla svg logo","I","1,000","29","0.00","0.00","15.3M"
"wicked svg","I","1,000","24","0.22","1.00","14.5M"
"winnie the pooh svg","I","1,000","25","0.23","1.00","1.8M"
"world series champs svg 2025","I","1,000","17","0.00","0.00","108M"
"world series svg 2025","I","1,000","17","0.00","0.00","548M"
"2023 pokemon japanese svg-venusaur","C","880","16","0.00","0.00","n/a"
"apple svg","I","880","28","0.00","1.00","652M"
"baseball doodles svg","I","880","23","0.00","0.00","2.3M"
"beanie original baby tag svg","I","880","25","0.00","0.00","330K"
"books svg","C","880","21","0.57","1.00","498M"
"cheerleader svg","I","880","17","0.78","1.00","11.1M"
"circle svg","I","880","25","0.00","0.53","784M"
"detroit lions svg","I","880","16","0.22","1.00","2.4M"
"dodgers svg 2025","I","880","24","0.00","0.00","169"
"featured badge right corner svg","I","880","22","0.00","0.00","3.2M"
"featured right corner badge svg","I","880","22","0.00","0.00","19.9M"
"flame svg","I","880","25","1.88","1.00","37.8M"
"highland cow svg","I","880","19","0.68","1.00","897K"
"how to open svg file","I","880","28","0.97","0.05","837M"
"instagram svg","I","880","29","1.20","0.04","n/a"
"jeep svg","I","880","21","0.00","0.86","12.3M"
"leaf svg","I","880","19","1.35","1.00","138M"
"merry christmas svg","I","880","26","0.60","1.00","14.6M"
"mountain svg","I","880","18","0.85","1.00","n/a"
"nike logo svg","I","880","25","0.00","0.12","66.8M"